Shanley,	Paige,	Kayla,	Amber,	Jessica,	Brittany,	Jacy,	Ashleigh,	Simone,	Coleysia
Shanley_Adam,	Paige_Dre,	Kayla_Ryan,	Amber_Wes,	Jessica_Joey,	Brittany_Ethan,	Jacy_John,	Ashleigh_Chris,	Simone_Scali,	Coleysia_Dillan
Shanley_Adam,	Paige_Dre,	Kayla_Joey,	Amber_Ethan,	Jessica_Ryan,	Brittany_Wes,	Jacy_John,	Ashleigh_Chris,	Simone_Scali,	Coleysia_Dillan
Shanley_Adam,	Paige_Dre,	Kayla_Joey,	Amber_Ethan,	Jessica_Chris,	Brittany_Ryan,	Jacy_John,	Ashleigh_Wes,	Simone_Scali,	Coleysia_Dillan
Shanley_Adam,	Paige_Ryan,	Kayla_Joey,	Amber_Ethan,	Jessica_Dre,	Brittany_Wes,	Jacy_John,	Ashleigh_Chris,	Simone_Scali,	Coleysia_Dillan
Shanley_Adam,	Paige_Ethan,	Kayla_Ryan,	Amber_Dre,	Jessica_Joey,	Brittany_Wes,	Jacy_John,	Ashleigh_Chris,	Simone_Scali,	Coleysia_Dillan
Shanley_Adam,	Paige_Chris,	Kayla_Ethan,	Amber_Wes,	Jessica_John,	Brittany_Joey,	Jacy_Dre,	Ashleigh_Ryan,	Simone_Scali,	Coleysia_Dillan
Shanley_Adam,	Paige_Chris,	Kayla_Wes,	Amber_Ethan,	Jessica_Scali,	Brittany_Joey,	Jacy_Ryan,	Ashleigh_John,	Simone_Dre,	Coleysia_Dillan
Shanley_Adam,	Paige_Chris,	Kayla_Wes,	Amber_Ethan,	Jessica_Ryan,	Brittany_Joey,	Jacy_Scali,	Ashleigh_John,	Simone_Dre,	Coleysia_Dillan
Shanley_Adam,	Paige_John,	Kayla_Chris,	Amber_Ethan,	Jessica_Wes,	Brittany_Joey,	Jacy_Dre,	Ashleigh_Ryan,	Simone_Scali,	Coleysia_Dillan
Shanley_Adam,	Paige_Wes,	Kayla_Scali,	Amber_Ethan,	Jessica_Chris,	Brittany_Joey,	Jacy_John,	Ashleigh_Ryan,	Simone_Dre,	Coleysia_Dillan
Shanley_Adam,	Paige_Wes,	Kayla_Dre,	Amber_Ethan,	Jessica_Chris,	Brittany_Ryan,	Jacy_John,	Ashleigh_Joey,	Simone_Scali,	Coleysia_Dillan
Shanley_Adam,	Paige_Wes,	Kayla_Ryan,	Amber_Dre,	Jessica_Joey,	Brittany_Ethan,	Jacy_John,	Ashleigh_Chris,	Simone_Scali,	Coleysia_Dillan
Shanley_Adam,	Paige_Joey,	Kayla_Ryan,	Amber_Chris,	Jessica_Wes,	Brittany_Dre,	Jacy_John,	Ashleigh_Ethan,	Simone_Scali,	Coleysia_Dillan
Shanley_Adam,	Paige_Joey,	Kayla_Chris,	Amber_Ethan,	Jessica_Dre,	Brittany_Ryan,	Jacy_John,	Ashleigh_Wes,	Simone_Scali,	Coleysia_Dillan
Shanley_Scali,	Paige_Chris,	Kayla_Wes,	Amber_Ethan,	Jessica_Ryan,	Brittany_Joey,	Jacy_John,	Ashleigh_Adam,	Simone_Dre,	Coleysia_Dillan
Shanley_Ryan,	Paige_Chris,	Kayla_Wes,	Amber_Ethan,	Jessica_Adam,	Brittany_Joey,	Jacy_John,	Ashleigh_Scali,	Simone_Dre,	Coleysia_Dillan
Shanley_Ryan,	Paige_Chris,	Kayla_Wes,	Amber_Ethan,	Jessica_Scali,	Brittany_Joey,	Jacy_John,	Ashleigh_Adam,	Simone_Dre,	Coleysia_Dillan
Shanley_Ethan,	Paige_Chris,	Kayla_Ryan,	Amber_Joey,	Jessica_Wes,	Brittany_Dre,	Jacy_John,	Ashleigh_Adam,	Simone_Scali,	Coleysia_Dillan
Shanley_John,	Paige_Chris,	Kayla_Wes,	Amber_Ethan,	Jessica_Dre,	Brittany_Joey,	Jacy_Ryan,	Ashleigh_Adam,	Simone_Scali,	Coleysia_Dillan
